,id,Адрес,Название достопримечательности,Общая оценка,Кол-во отзывов,Тип достопримечательности,Достопримечательность,adress_for_scrap,Широта,Долгота
1,1,"Sultan Ahmet, Ayasofya Meydanı No:1, Стамбул 34122 Турция",Hagia Sophia Moschee,4.5,45396.0,Исторические достопримечательности,2. Hagia Sophia Moschee,"Hagia Sophia Moschee, Istanbul, Turkiye",41.00850455,28.98001115466667
2,2,"Bereketzade, Стамбул 34421 Турция",Галатская башня,4.5,10122.0,Исторические достопримечательности,3. Галатская башня,"Галатская башня, Istanbul, Turkiye",41.0256406,28.974213369331657
4,4,"Eyüp Merkez, Стамбул 34050 Турция",Мечеть Эйюп Султан,4.5,1874.0,Исторические достопримечательности,5. Мечеть Эйюп Султан,"Мечеть Эйюп Султан, Istanbul, Turkiye",41.0474069,28.9356137
5,5,"Yahyakemal Cad. No.28, Стамбул 34470 Турция",Rumeli Fortress,4.5,914.0,Исторические достопримечательности,6. Rumeli Fortress,"Rumeli Fortress, Istanbul, Turkiye",41.08491705,29.05671252397693
6,6,"Uskudar, Стамбул 34668 Турция",Kız Kulesi,4.5,1119.0,Исторические достопримечательности,7. Kız Kulesi,"Kız Kulesi, Istanbul, Turkiye",41.0211379,29.004057996398345
8,8,"Binbirdirek Mh. Piyer Loti Cd. No: 2/1, Стамбул 34122 Турция",Serefiye Sarnici,4.5,391.0,Исторические достопримечательности,9. Serefiye Sarnici,"Serefiye Sarnici, Istanbul, Turkiye",41.0074148,28.972395415166663
9,9,"Mimar Sinan Caddesi No: 20, Стамбул 34116 Турция",Бани Сулеймание,4.0,1159.0,Исторические достопримечательности,10. Бани Сулеймание,"Бани Сулеймание, Istanbul, Turkiye",41.01658125387382,28.964635118956355
10,10,Посетить веб-сайт,Anadolu Kavagi,4.0,408.0,Исторические достопримечательности,11. Anadolu Kavagi,"Anadolu Kavagi, Istanbul, Turkiye",41.17391,29.0886888
13,13,"Kalenderhane, Стамбул 34083 Турция",Valens Aqueduct (Bozdogan Kemeri),4.0,322.0,Исторические достопримечательности,14. Valens Aqueduct (Bozdogan Kemeri),"Valens Aqueduct (Bozdogan Kemeri), Istanbul, Turkiye",41.01629325,28.954968351578763
14,14,"Kucuksu Cad. No:12, Стамбул 34810 Турция",Kucuksu Pavilion,4.5,137.0,Исторические достопримечательности,15. Kucuksu Pavilion,"Kucuksu Pavilion, Istanbul, Turkiye",41.07841019999999,29.064883396987074
16,16,"Bankalar Cd. NO:10 Merkez Mah., 34421 Fatih/Beyoğlu/İstanbul, Турция, Стамбул 34421 Турция",Kamondo Stairs,4.0,85.0,Исторические достопримечательности,17. Kamondo Stairs,"Kamondo Stairs, Istanbul, Turkiye",41.0239741,28.9737825
17,17,"Zeyrek Mah. Ibadethane Sk. Fatih, Стамбул 34083 Турция",Zeyrek Mosque,4.5,55.0,Исторические достопримечательности,18. Zeyrek Mosque,"Zeyrek Mosque, Istanbul, Turkiye",41.0197079,28.957248610865737
18,18,Подробнее,Beyazit Square,4.0,185.0,Исторические достопримечательности,19. Beyazit Square,"Beyazit Square, Istanbul, Turkiye",41.01055345,28.962664882385525
19,19,"Suleymaniye Mah., Стамбул 34116 Турция",Kanuni Sultan Suleyman Turbesi,5.0,28.0,Исторические достопримечательности,20. Kanuni Sultan Suleyman Turbesi,"Kanuni Sultan Suleyman Turbesi, Istanbul, Turkiye",41.0156999,28.9644663
20,20,"Yedikule Meydanı Sk. No:9, Стамбул 34107 Турция",Yedikule (Castle of the Seven Towers),4.0,115.0,Исторические достопримечательности,21. Yedikule (Castle of the Seven Towers),"Yedikule (Castle of the Seven Towers), Istanbul, Turkiye",40.99373816482285,28.92378485134302
21,21,"Omer Avni Mh., Dolmabahce Cd. Right beside Dolmabahce Palace, Стамбул 34357 Турция",Dolmabahce Mosque,4.5,99.0,Исторические достопримечательности,22. Dolmabahce Mosque,"Dolmabahce Mosque, Istanbul, Turkiye",41.03677475,28.9952337467916
22,22,Посетить веб-сайт,Hidiv Kasri,4.0,115.0,Исторические достопримечательности,23. Hidiv Kasri,"Hidiv Kasri, Istanbul, Turkiye",41.10504295,29.073870551076386
23,23,"Tophanelioglu Cad. No:19, Стамбул 34662 Турция",Adile Sultan Kasri,4.0,72.0,Исторические достопримечательности,24. Adile Sultan Kasri,"Adile Sultan Kasri, Istanbul, Turkiye",41.01362075,29.041940790329534
25,25,Подробнее,Fountain of Ahmet III,4.0,142.0,Исторические достопримечательности,26. Fountain of Ahmet III,"Fountain of Ahmet III, Istanbul, Turkiye",41.0082875,28.9812474
27,27,Подробнее,Serpent Column,4.0,248.0,Исторические достопримечательности,28. Serpent Column,"Serpent Column, Istanbul, Turkiye",41.0056649,28.9751101
29,29,"Atmeydani Cd No: 17-31, Стамбул 34110 Турция",Sultanahmet Meydani,4.5,16.0,Исторические достопримечательности,30. Sultanahmet Meydani,"Sultanahmet Meydani, Istanbul, Turkiye",41.0065157,28.975977312001497
31,31,Подробнее,Clock Tower Dolmabahce,4.5,79.0,Исторические достопримечательности,32. Clock Tower Dolmabahce,"Clock Tower Dolmabahce, Istanbul, Turkiye",41.0376577,28.996363092567933
34,34,Подробнее,Galatasaray High School (Galatasaray Lisesi),4.5,22.0,Исторические достопримечательности,35. Galatasaray High School (Galatasaray Lisesi),"Galatasaray High School (Galatasaray Lisesi), Istanbul, Turkiye",41.03281785,28.97878931122472
36,36,Подробнее,Neve Shalom Synagogue,4.5,27.0,Исторические достопримечательности,37. Neve Shalom Synagogue,"Neve Shalom Synagogue, Istanbul, Turkiye",41.0266963,28.9724737
38,38,"Sultan Ahmet, Ayasofya Meydanı No:1, Стамбул 34122 Турция",Ayasofya Camii,5.0,3.0,Исторические достопримечательности,39. Ayasofya Camii,"Ayasofya Camii, Istanbul, Turkiye",41.00273105,28.9721932885402
39,39,Подробнее,Hunkar Kasri,4.5,16.0,Исторические достопримечательности,40. Hunkar Kasri,"Hunkar Kasri, Istanbul, Turkiye",41.0485122,28.91663192955975
40,40,"Mimar Hayrettin Mahallesi, Kadirga Limani Cad. No: 15 Kumkapi, Fatih, Стамбул 34130 Турция",Aya Kiryaki Kilisesi,4.5,10.0,Исторические достопримечательности,41. Aya Kiryaki Kilisesi,"Aya Kiryaki Kilisesi, Istanbul, Turkiye",41.00478579999999,28.96615483217306
45,45,Подробнее,Narmanli Han,4.5,13.0,Исторические достопримечательности,46. Narmanli Han,"Narmanli Han, Istanbul, Turkiye",41.02923165,28.97496472806916
46,46,"Kargı Sokak Aksaray Mah. Kargı Çıkmazı No: 3 Fatih/i̇stanbul., Стамбул 34096 Турция",Bulgur Palas,5.0,3.0,Исторические достопримечательности,47. Bulgur Palas,"Bulgur Palas, Istanbul, Turkiye",41.00701125,28.94392819766187
52,52,,Alay Kosku,4.0,31.0,Исторические достопримечательности,53. Alay Kosku,"Alay Kosku, Istanbul, Turkiye",41.0110444,28.978392067967988
55,55,Позвонить,Surp Takavor Church,4.0,20.0,Исторические достопримечательности,56. Surp Takavor Church,"Surp Takavor Church, Istanbul, Turkiye",40.98986935,29.02441071232777
56,56,Посетить веб-сайт,Aynalıkavak Kasrı,4.0,13.0,Исторические достопримечательности,57. Aynalıkavak Kasrı,"Aynalıkavak Kasrı, Istanbul, Turkiye",41.0372674,28.9554478
57,57,"Gülhane parkı, Стамбул 34096 Турция",Gülhane Parkı Sarnıcı,5.0,4.0,Исторические достопримечательности,58. Gülhane Parkı Sarnıcı,"Gülhane Parkı Sarnıcı, Istanbul, Turkiye",41.0105172,28.9788574
59,59,Подробнее,Mimar Sinan Turbesi,5.0,6.0,Исторические достопримечательности,60. Mimar Sinan Turbesi,"Mimar Sinan Turbesi, Istanbul, Turkiye",41.0172273,28.963940573007967
61,61,Подробнее,Bebek Mosque,4.0,17.0,Исторические достопримечательности,62. Bebek Mosque,"Bebek Mosque, Istanbul, Turkiye",41.07680705,29.044053680280047
67,67,"Turnacibasi Sokak, No:8 Beyoglu, Galatasaray, Стамбул 34433 Турция",Tarihi Galatasaray Hamami,3.0,289.0,Исторические достопримечательности,68. Tarihi Galatasaray Hamami,"Tarihi Galatasaray Hamami, Istanbul, Turkiye",41.032803,28.9799592
69,69,"Kapalıçarşı, Zincirli Han, Стамбул 34126 Турция",Zincirli Han,4.0,2.0,Исторические достопримечательности,70. Zincirli Han,"Zincirli Han, Istanbul, Turkiye",41.01137975,28.96886143833303
71,71,"Yeniköy, Köybaşı Cd. No:83, 34464 Sarıyer/İstanbul, Стамбул 34457 Турция",Sait Halim Paşa Yalısı,5.0,1.0,Исторические достопримечательности,72. Sait Halim Paşa Yalısı,"Sait Halim Paşa Yalısı, Istanbul, Turkiye",41.1204464,29.07000199891984
77,77,Позвонить,Surp Kevork,4.5,3.0,Исторические достопримечательности,78. Surp Kevork,"Surp Kevork, Istanbul, Turkiye",41.0018646,28.9331468
78,78,"Yusuf Kamil Pasa Sokak No: 8 Moda, Kadikoy, Стамбул 34710 Турция",Istanbul Presbyterian Church,4.0,2.0,Исторические достопримечательности,79. Istanbul Presbyterian Church,"Istanbul Presbyterian Church, Istanbul, Turkiye",40.9820854,29.025239971925764
80,80,"Ataturk Blv No.21 Cibali Mah, Стамбул 34083 Турция",Zeyrek Sarnıcı,3.0,1.0,Исторические достопримечательности,81. Zeyrek Sarnıcı,"Zeyrek Sarnıcı, Istanbul, Turkiye",41.0202268,28.9579069
82,82,"Silahdar Aga Caddesi Eyupsultan, Стамбул 34050 Турция",Bahariye Mevlevihanesi,4.0,1.0,Исторические достопримечательности,83. Bahariye Mevlevihanesi,"Bahariye Mevlevihanesi, Istanbul, Turkiye",41.05598265,28.93998910274024
83,83,"Kart Cinar Sokak No.6 Bereketzade Mahallesi, Стамбул ３４４２１ Турция",Ceneviz Sarayı,4.0,2.0,Исторические достопримечательности,84. Ceneviz Sarayı,"Ceneviz Sarayı, Istanbul, Turkiye",41.02449405,28.97289734027377
87,87,,Rumeli Han,4.0,1.0,Исторические достопримечательности,88. Rumeli Han,"Rumeli Han, Istanbul, Turkiye",41.0350636,28.9808937
88,88,Подробнее,Simkeshane,3.5,2.0,Исторические достопримечательности,89. Simkeshane,"Simkeshane, Istanbul, Turkiye",41.0091995,28.962293642873934
90,90,"Gülhane parkı, Стамбул 34096 Турция",Gülhane Parkı Sarnıcı Çeşmesi,4.0,2.0,Исторические достопримечательности,91. Gülhane Parkı Sarnıcı Çeşmesi,"Gülhane Parkı Sarnıcı Çeşmesi, Istanbul, Turkiye",41.01050730539021,28.97884279512775
91,91,"Sümbül Efendi, Koca Mustafapaşa Cd. No:183, Стамбул 34107 Турция",Sümbül Efendi Mosque,4.0,1.0,Исторические достопримечательности,92. Sümbül Efendi Mosque,"Sümbül Efendi Mosque, Istanbul, Turkiye",41.00335665,28.9286823
96,96,"16 Mart Sehitleri Caddesi No 3, Стамбул 34134 Турция",March 16th Martyrs,4.0,1.0,Исторические достопримечательности,97. March 16th Martyrs,"March 16th Martyrs, Istanbul, Turkiye",41.01298186114949,28.96077606795697
98,98,"Ali kuşçu Fatih, Стамбул 34083 Турция",Tatbikat Cami,5.0,1.0,Исторические достопримечательности,99. Tatbikat Cami,"Tatbikat Cami, Istanbul, Turkiye",41.084164900000005,28.90923681451684
102,102,"Alemdar Cad No.22 Cankurtaran Mah, Стамбул 34110 Турция",Hamidiye Sebili,3.5,2.0,Исторические достопримечательности,103. Hamidiye Sebili,"Hamidiye Sebili, Istanbul, Turkiye",41.0103612,28.9786076
113,113,"Yavuz Sultan Selim, Ayakapi Cd. No:2 Fatih, Стамбул 34083 Турция",Cumhuriyet Cesmesi,3.5,2.0,Исторические достопримечательности,114. Cumhuriyet Cesmesi,"Cumhuriyet Cesmesi, Istanbul, Turkiye",41.0278007,28.956384930042017
127,127,"Neşet Ömer Sk. No:1, Стамбул 34710 Турция",Kadıköy Çarşısı,4.5,159.0,Блошиные и уличные рынки,2. Kadıköy Çarşısı,"Kadıköy Çarşısı, Istanbul, Turkiye",40.9901007,29.02335447897279
128,128,"Mimar Mehmet Ağa Cd. No:2, Стамбул 34122 Турция",Базар Араста,4.0,895.0,Блошиные и уличные рынки,3. Базар Араста,"Базар Араста, Istanbul, Turkiye",41.0050861,28.9789782
129,129,"Uzuncayir Cd. 50/2, Стамбул 34722 Турция",Bazar de Kadikoy Sali Pazari,4.0,43.0,Блошиные и уличные рынки,4. Bazar de Kadikoy Sali Pazari,"Bazar de Kadikoy Sali Pazari, Istanbul, Turkiye",40.99870099771247,29.050418469381693
130,130,"Medrese Çk. No:4, Стамбул 34120 Турция",Sahaflar Carsisi,4.0,79.0,Блошиные и уличные рынки,5. Sahaflar Carsisi,"Sahaflar Carsisi, Istanbul, Turkiye",40.9870491,29.0285152
131,131,"Zeyrek, Yesarizade Cd. Fatih, Стамбул 34083 Турция",Carsamba Pazari,4.0,41.0,Блошиные и уличные рынки,6. Carsamba Pazari,"Carsamba Pazari, Istanbul, Turkiye",41.0040782,28.631398778697854
133,133,"Taya Hatun, Стамбул 34120 Турция",Mahmut Pasha Bazaar,4.0,15.0,Блошиные и уличные рынки,8. Mahmut Pasha Bazaar,"Mahmut Pasha Bazaar, Istanbul, Turkiye",41.0121022,28.9694435
134,134,"Nuzhetiye Cd. No:66, Стамбул 34357 Турция",Besiktas Saturday Market,4.5,4.0,Блошиные и уличные рынки,9. Besiktas Saturday Market,"Besiktas Saturday Market, Istanbul, Turkiye",41.047607817431874,29.00009561639112
135,135,"İtfaiye Cd. No:19, Стамбул 34083 Турция",Kadinlar Pazari,4.0,27.0,Блошиные и уличные рынки,10. Kadinlar Pazari,"Kadinlar Pazari, Istanbul, Turkiye",41.015962716163855,28.953880699558734
136,136,"Uzunçayır Cd, Стамбул 34716 Турция",Kadikoy Sali Pazari,4.5,5.0,Блошиные и уличные рынки,11. Kadikoy Sali Pazari,"Kadikoy Sali Pazari, Istanbul, Turkiye",40.99760055,29.05028467198953
137,137,"Necip Fazıl Kısakürek Cd., Стамбул 34782 Турция",Ulus Pazari,4.0,15.0,Блошиные и уличные рынки,12. Ulus Pazari,"Ulus Pazari, Istanbul, Turkiye",41.02467665,29.18565330104397
140,140,"Çolak İbrahim Sokağı Bakırköy Adalet Sarayı Arkası, Стамбул 34145 Турция",Bakırköy Pazarı,4.0,2.0,Блошиные и уличные рынки,15. Bakırköy Pazarı,"Bakırköy Pazarı, Istanbul, Turkiye",40.9970027,28.8791895
143,143,Подробнее,Kapalı Carsı,4.5,19.0,Специализированные и сувенирные магазины,18. Kapalı Carsı,"Kapalı Carsı, Istanbul, Turkiye",41.01098795,28.968175837679787
145,145,,Yeşilköy Pazarı,3.5,2.0,Блошиные и уличные рынки,20. Yeşilköy Pazarı,"Yeşilköy Pazarı, Istanbul, Turkiye",40.96455,28.816819
147,147,"Kalpakcılar Cad. Sorguclu Han No: 22 Beyazıt Mh., Стамбул 34854 Турция",Kapalıcarsı,5.0,25.0,Специализированные и сувенирные магазины,22. Kapalıcarsı,"Kapalıcarsı, Istanbul, Turkiye",40.9874928,28.903969
148,148,Подробнее,Avrupa Pasaji,4.0,28.0,Специализированные и сувенирные магазины,23. Avrupa Pasaji,"Avrupa Pasaji, Istanbul, Turkiye",41.03394095815356,28.977351901991124
150,150,Позвонить,Mısır Carsısı,4.0,29.0,Специализированные и сувенирные магазины,25. Mısır Carsısı,"Mısır Carsısı, Istanbul, Turkiye",41.01647865,28.970537566029087
154,154,"Halide Edip Adıvar Mahallesi, Halide Edip Adıvar Caddesi, No:72/a Şişli, Стамбул 34382 Турция",Yaz Vintage,5.0,2.0,Специализированные и сувенирные магазины,29. Yaz Vintage,"Yaz Vintage, Istanbul, Turkiye",41.0598534,28.9737072
160,160,"Katar Caddesi No: 11, Стамбул 34460 Турция",Торговый центр Истинье Парк,4.5,724.0,Торговые центры,1. Торговый центр Истинье Парк,"Торговый центр Истинье Парк, Istanbul, Turkiye",41.10957436218212,29.032896105382463
161,161,"Buyukdere Cad. No:22, Стамбул 34360 Турция",Торгово-развлекательный комплекс Джевахир,4.0,1053.0,Торговые центры,2. Торгово-развлекательный комплекс Джевахир,"Торгово-развлекательный комплекс Джевахир, Istanbul, Turkiye",41.0626036,28.992994286846667
162,162,"Vadi Caddesi No: 2, Стамбул 34340 Турция",Торговый центр Zorlu Center (Зорлу Центр),4.5,510.0,Торговые центры,3. Торговый центр Zorlu Center (Зорлу Центр),"Торговый центр Zorlu Center (Зорлу Центр), Istanbul, Turkiye",41.076194056471394,28.873089153211392
163,163,"Pasa Caddesi, Стамбул 34045 Турция",Forum Istanbul,4.5,431.0,Торговые центры,4. Forum Istanbul,"Forum Istanbul, Istanbul, Turkiye",41.049149,28.899139
164,164,"Karadeniz Mah. Eski Edirne Asfaltı Cad. No:408 Kucukkoy, Gaziosmanpasa, Стамбул 34250 Турция",Venezia Mega Outlet,4.0,135.0,Торговые центры,5. Venezia Mega Outlet,"Venezia Mega Outlet, Istanbul, Turkiye",41.08011385,28.877726592023198
168,168,"Levent, Büyükdere Cd. No:185, Стамбул 34394 Турция",Kanyon Shopping Mall,4.0,365.0,Универмаги,9. Kanyon Shopping Mall,"Kanyon Shopping Mall, Istanbul, Turkiye",41.0781724,29.010813752387413
169,169,"Libadiye Caddesi No: 88, Стамбул 34700 Турция",Emaar Square Mall,4.5,154.0,Торговые центры,10. Emaar Square Mall,"Emaar Square Mall, Istanbul, Turkiye",41.00319245,29.070849073048453
170,170,"Prof. Dr. Muammer Aksoy Cad. No:30, Стамбул 34020 Турция",Olivium Outlet Center,3.5,286.0,Торговые центры,11. Olivium Outlet Center,"Olivium Outlet Center, Istanbul, Turkiye",40.9953354,28.90976408513825
172,172,"Balıkçılar Sokak U Blok 20 U, D:226, Стамбул 34940 Турция",Viaport Marina,4.0,158.0,Торговые центры,13. Viaport Marina,"Viaport Marina, Istanbul, Turkiye",40.81723505,29.316055066995077
174,174,Посетить веб-сайт,Palladium Alisveris Merkezi,4.5,107.0,Торговые центры,15. Palladium Alisveris Merkezi,"Palladium Alisveris Merkezi, Istanbul, Turkiye",40.9861586,29.1003669027186
175,175,"Kızılbegonya Sok 10/1, Стамбул 34746 Турция",Watergarden Istanbul,4.5,168.0,Торговые центры,16. Watergarden Istanbul,"Watergarden Istanbul, Istanbul, Turkiye",40.9972897,29.099539224955336
176,176,"Cobancesme Kosuyolu Bulvari No: 3, Стамбул 34100 Турция",Marmara Forum,4.0,168.0,Торговые центры,17. Marmara Forum,"Marmara Forum, Istanbul, Turkiye",40.99677615,28.885910356349573
177,177,"Aydinevler Mah. Camlica Sitesi Yolu Sok. Maltepe, Стамбул 34675 Турция",Hilltown AVM,4.5,64.0,Торговые центры,18. Hilltown AVM,"Hilltown AVM, Istanbul, Turkiye",40.95261395,29.12214478155067
178,178,"Azerbaycan Cd. No: 3/C Ayazağa Mahallesi, Стамбул 34396 Турция",Vadistanbul Shopping Center,4.0,56.0,Торговые центры,19. Vadistanbul Shopping Center,"Vadistanbul Shopping Center, Istanbul, Turkiye",41.10813794263079,28.988750115399903
179,179,"Fişekhane Caddesi No: 7 Ataköy 1. Kısa Mahallesi, Стамбул 34158 Турция",Capacity Alışveriş Merkezi,4.0,75.0,Торговые центры,20. Capacity Alışveriş Merkezi,"Capacity Alışveriş Merkezi, Istanbul, Turkiye",40.97750055,28.871290362121304
180,180,Подробнее,Historia Alisveris Merkezi,4.0,86.0,Торговые центры,21. Historia Alisveris Merkezi,"Historia Alisveris Merkezi, Istanbul, Turkiye",41.0144443,28.945269539952385
181,181,"Yenibosna Merkez Mah, Değirmenbahçe Cd. No:34,, Стамбул 34197 Турция",Starcity Outlet,4.0,93.0,Торговые центры,22. Starcity Outlet,"Starcity Outlet, Istanbul, Turkiye",41.01139295,28.81608504419537
182,182,"Buyukdere Caddesi No 181 Şişli, Стамбул 34394 Турция",ÖzdilekPark İstanbul,4.0,70.0,Торговые центры,23. ÖzdilekPark İstanbul,"ÖzdilekPark İstanbul, Istanbul, Turkiye",41.08274849648724,29.009583838196157
183,183,"Mahir Iz Caddesi No:4 Altunizade Mah., Стамбул 34662 Турция",Capitol Shopping Center Uskudar,4.5,27.0,Торговые центры,24. Capitol Shopping Center Uskudar,"Capitol Shopping Center Uskudar, Istanbul, Turkiye",41.02093585,29.03949807651232
186,186,"Tugay Yolu No:67 Cevizli, Maltepe, Стамбул 34846 Турция",Maltepe Park Shopping Center,4.0,91.0,Торговые центры,27. Maltepe Park Shopping Center,"Maltepe Park Shopping Center, Istanbul, Turkiye",40.916412280938566,29.15663527639181
188,188,"İstiklal Sokak No.2/B Yeni Sahra, Стамбул 34746 Турция",Optimum Outlet,4.0,163.0,Кинотеатры,29. Optimum Outlet,"Optimum Outlet, Istanbul, Turkiye",40.98883085,29.08566630710296
191,191,Подробнее,Trump Alısveris Merkezi,3.5,49.0,Торговые центры,32. Trump Alısveris Merkezi,"Trump Alısveris Merkezi, Istanbul, Turkiye",41.0683919,28.99227579485605
196,196,Подробнее,Beyoglu Is Merkezi,3.5,21.0,Торговые центры,37. Beyoglu Is Merkezi,"Beyoglu Is Merkezi, Istanbul, Turkiye",41.031558,28.9762127
197,197,Посетить веб-сайт,Aksaray Yeralti Carsisi,3.5,21.0,Торговые центры,38. Aksaray Yeralti Carsisi,"Aksaray Yeralti Carsisi, Istanbul, Turkiye",41.0090565,28.9520805
203,203,Посетить веб-сайт,Pelican Mall Alisveris Merkezi ve Yasam Merkezi,4.0,47.0,Торговые центры,44. Pelican Mall Alisveris Merkezi ve Yasam Merkezi,"Pelican Mall Alisveris Merkezi ve Yasam Merkezi, Istanbul, Turkiye",40.991100200000005,28.714990722512525
205,205,"Halit Ziya Usakligil Caddesi No: 1 Bakirkoy, Стамбул 34710 Турция",Carousel AVM,3.5,42.0,Торговые центры,46. Carousel AVM,"Carousel AVM, Istanbul, Turkiye",40.9777262,28.87359401985497
207,207,"Fatih Sultan Mehmet Mahallesi, Balkan Caddesi, No: 62, Стамбул 34770 Турция",Meydan İstanbul,5.0,9.0,Торговые центры,48. Meydan İstanbul,"Meydan İstanbul, Istanbul, Turkiye",41.0106193,28.950151218732078
208,208,"Topcular Mah. Osman Gazi Cad. No: 2 Eyup, Bayrampasa Metro Istasyonu Yani, Стамбул 34055 Турция",Axis AVM,4.0,17.0,Торговые центры,49. Axis AVM,"Axis AVM, Istanbul, Turkiye",41.086367,28.982114204019684
209,209,"Hamidiye Cd. No:10, Стамбул 34112 Турция",Dogubank Is Hanı,4.5,4.0,Торговые центры,50. Dogubank Is Hanı,"Dogubank Is Hanı, Istanbul, Turkiye",41.0154477,28.9749281
210,210,"Icerenkoy Mah. Kayisdagi Cad. No: 2 Atasehir, Стамбул 34752 Турция",CarrefourSA,3.5,17.0,Торговые центры,51. CarrefourSA,"CarrefourSA, Istanbul, Turkiye",41.05881,29.02476149878632
211,211,"Cayir Cd 1/133 Icerenkoy Mahallesi, Стамбул 34752 Турция",Kozyatagi Carrefour Avm,4.0,7.0,Торговые центры,52. Kozyatagi Carrefour Avm,"Kozyatagi Carrefour Avm, Istanbul, Turkiye",40.9791933,29.099844514137168
213,213,Посетить веб-сайт,Piazza,4.0,15.0,Торговые центры,54. Piazza,"Piazza, Istanbul, Turkiye",40.9199017,29.16632016420637
215,215,"Atasehir Ataturk Mahallesi, Atasehir Bulv., Стамбул 34758 Турция",Metropol Istanbul,3.5,12.0,Торговые центры,56. Metropol Istanbul,"Metropol Istanbul, Istanbul, Turkiye",40.99404915,29.121844456604173
216,216,"Istiklal Cad No.116 Asmali Mescit Mah, Стамбул 34430 Турция",Passage Hazzopulo,4.0,10.0,Специализированные и сувенирные магазины,57. Passage Hazzopulo,"Passage Hazzopulo, Istanbul, Turkiye",41.0331744,28.9766535
221,221,Посетить веб-сайт,Uniq Istanbul,3.5,41.0,Торговые центры,62. Uniq Istanbul,"Uniq Istanbul, Istanbul, Turkiye",41.1080292,29.007863252165585
222,222,Посетить веб-сайт,Brandium AVM,3.5,30.0,Торговые центры,63. Brandium AVM,"Brandium AVM, Istanbul, Turkiye",40.982585400000005,29.132465721875626
224,224,Подробнее,Astoria AVM,3.0,14.0,Торговые центры,65. Astoria AVM,"Astoria AVM, Istanbul, Turkiye",41.0685996,29.00587288643326
225,225,Посетить веб-сайт,Flyinn Alisveris ve Yasam Merkezi,4.0,30.0,Торговые центры,66. Flyinn Alisveris ve Yasam Merkezi,"Flyinn Alisveris ve Yasam Merkezi, Istanbul, Turkiye",40.97284085,28.804346316297348
226,226,Посетить веб-сайт,Galleria Atakoy,3.5,9.0,Торговые центры,67. Galleria Atakoy,"Galleria Atakoy, Istanbul, Turkiye",40.9744561,28.8692709
230,230,"Yunus Mahallesi, Sanayi Caddesi No: 2 Kartal, Стамбул 34860 Турция",IstMarina AVM,3.5,23.0,Торговые центры,71. IstMarina AVM,"IstMarina AVM, Istanbul, Turkiye",40.88462135,29.20577194953704
231,231,"Necip Fazil Mahallesi, Alemdag Caddesi, No:940, Стамбул 34773 Турция",Metrogarden AVM,3.0,31.0,Универмаги,72. Metrogarden AVM,"Metrogarden AVM, Istanbul, Turkiye",41.01541545,29.178676897325595
233,233,Посетить веб-сайт,Olimpa Mall,3.5,12.0,Торговые центры,74. Olimpa Mall,"Olimpa Mall, Istanbul, Turkiye",41.10937235,28.788594845734423
234,234,"Gunesli Mah. Fevzi Cakmak Caddesi No: 2 Bagcilar, Стамбул 34212 Турция",Gunesli Park AVM,3.5,3.0,Торговые центры,75. Gunesli Park AVM,"Gunesli Park AVM, Istanbul, Turkiye",41.0322089,28.824393015159945
236,236,Посетить веб-сайт,Istanbul Outlet Park,2.0,1.0,Торговые центры,77. Istanbul Outlet Park,"Istanbul Outlet Park, Istanbul, Turkiye",41.01823045,28.631913078864606
239,239,Подробнее,Profilo Alisveris Merkezi,3.0,25.0,Торговые центры,80. Profilo Alisveris Merkezi,"Profilo Alisveris Merkezi, Istanbul, Turkiye",41.0706911,29.00192725
241,241,"Eski Londra Asfaltı. Kultur Sok. No:1 Bahcelievler, Стамбул 34180 Турция",Metroport AVM Bahcelievler,3.0,16.0,Торговые центры,82. Metroport AVM Bahcelievler,"Metroport AVM Bahcelievler, Istanbul, Turkiye",40.9955472,28.8626087
244,244,"Abdurrahmangazi Mah. Fatih Bulvari No: 67/1, Стамбул 34920 Турция",Atlaspark AVM,3.5,10.0,Торговые центры,85. Atlaspark AVM,"Atlaspark AVM, Istanbul, Turkiye",40.9694951,29.255364253992127
245,245,"Mimar Sinan, Стамбул 34664 Турция",Mimar Sinan Carsisi,4.5,2.0,Торговые центры,86. Mimar Sinan Carsisi,"Mimar Sinan Carsisi, Istanbul, Turkiye",41.02359175,29.01761259583957
254,254,Посетить веб-сайт,Atirus Mall,3.0,11.0,Торговые центры,95. Atirus Mall,"Atirus Mall, Istanbul, Turkiye",41.02119525,28.58376150048357
255,255,"Mimar Sinan Carsisi Uskudar, Стамбул 34664 Турция",Mimar Sinan Bazaar,5.0,1.0,Культурные объекты и достопримечательности,96. Mimar Sinan Bazaar,"Mimar Sinan Bazaar, Istanbul, Turkiye",41.0237969,29.01605862467876
256,256,Посетить веб-сайт,Plato Avm,3.5,7.0,Торговые центры,97. Plato Avm,"Plato Avm, Istanbul, Turkiye",40.9694921,29.260945577557912
260,260,Посетить веб-сайт,M1 Merkez,3.0,6.0,Торговые центры,101. M1 Merkez,"M1 Merkez, Istanbul, Turkiye",41.1344539,29.0926456
264,264,"Barış Mah., Ataturk Bulv. Beylikduzu, Стамбул 34520 Турция",White Corner Avm,2.0,3.0,Торговые центры,105. White Corner Avm,"White Corner Avm, Istanbul, Turkiye",40.99987415,28.64490532317953
266,266,Позвонить,Kamelya Carsi,4.0,1.0,Торговые центры,107. Kamelya Carsi,"Kamelya Carsi, Istanbul, Turkiye",40.99005235,29.12976661618396
268,268,Позвонить,Han Plus,3.5,4.0,Торговые центры,109. Han Plus,"Han Plus, Istanbul, Turkiye",41.0328412,28.68150897038506
269,269,"Fatih Sultan Mehmet, M. Fevzi Çakmak Park İçi Yolu, Стамбул 34770 Турция",M1 Meydan Alisveris Merkezi,4.0,1.0,Торговые центры,110. M1 Meydan Alisveris Merkezi,"M1 Meydan Alisveris Merkezi, Istanbul, Turkiye",41.02432685,29.12580347058163
272,272,"Soganlik D-100 Kuzey Yanyol Cad. No:72 Soganlik Yeni Mah., Стамбул 34865 Турция",Anatolium,2.5,6.0,Торговые центры,113. Anatolium,"Anatolium, Istanbul, Turkiye",40.9184467,29.17577705608641
280,280,Посетить веб-сайт,Ihlamur Mall,3.0,1.0,Торговые центры,121. Ihlamur Mall,"Ihlamur Mall, Istanbul, Turkiye",41.0403684,28.79039115
305,305,Посетить веб-сайт,Besyildiz Alisveris Merkezi,1.5,4.0,Торговые центры,146. Besyildiz Alisveris Merkezi,"Besyildiz Alisveris Merkezi, Istanbul, Turkiye",41.0289247,29.1762078
310,310,"Alemdar Mah. Alemdar Cad. Eminonu/Cagaloglu, Fatih, Стамбул 34122 Турция",Парк Гюльхане,4.5,3356.0,Парки,1. Парк Гюльхане,"Парк Гюльхане, Istanbul, Turkiye",41.0130256,28.980901720442503
311,311,"Emirgan Korusu, Стамбул 34467 Турция",Emirgan Park,4.5,997.0,Парки,2. Emirgan Park,"Emirgan Park, Istanbul, Turkiye",41.1090119,29.052517159600995
312,312,"Bebek Parkı No:16, Стамбул 34342 Турция",Bebek Park,4.5,371.0,Парки,3. Bebek Park,"Bebek Park, Istanbul, Turkiye",41.0758381,29.04379004386793
313,313,"Ciragan Cad. Besiktas, Стамбул 34349 Турция",Yildiz Park,4.5,239.0,Парки,4. Yildiz Park,"Yildiz Park, Istanbul, Turkiye",41.0478421,29.0156916
315,315,Посетить веб-сайт,Istanbul Dolphinarium,4.0,201.0,Парки,6. Istanbul Dolphinarium,"Istanbul Dolphinarium, Istanbul, Turkiye",41.0617559,28.94310509480409
316,316,"Caddebostan, Стамбул 34728 Турция",Goztepe 60. Yil Parki,4.5,52.0,Парки,7. Goztepe 60. Yil Parki,"Goztepe 60. Yil Parki, Istanbul, Turkiye",40.9693967,29.057735807656325
317,317,"Goztepe Mahallesi, Стамбул 34730 Турция",Ozgurluk Parki,4.5,47.0,Парки,8. Ozgurluk Parki,"Ozgurluk Parki, Istanbul, Turkiye",41.0009561,28.90307885225355
318,318,"Harbiye Mim Kemal Öke Cd, Стамбул 34365 Турция",Macka Parkı,4.0,103.0,Парки,9. Macka Parkı,"Macka Parkı, Istanbul, Turkiye",41.0443082,28.99342054083285
319,319,Подробнее,Fethi Pasa Korusu,4.5,52.0,Парки,10. Fethi Pasa Korusu,"Fethi Pasa Korusu, Istanbul, Turkiye",41.0327055,29.02743486832357
320,320,"Beykoz Cd, Стамбул 34986 Турция",Polonezkoy Tabiat Parki,4.0,50.0,Природные и заповедные зоны,11. Polonezkoy Tabiat Parki,"Polonezkoy Tabiat Parki, Istanbul, Turkiye",41.1067767,29.19642933981145
321,321,"Asker Ocagı Cd. Gumussuyu Mah., Стамбул 34437 Турция",Taksim Gezi Park,4.0,307.0,Парки,12. Taksim Gezi Park,"Taksim Gezi Park, Istanbul, Turkiye",41.0388346,28.987030843823945
322,322,Подробнее,Ulus Parki,4.0,64.0,Парки,13. Ulus Parki,"Ulus Parki, Istanbul, Turkiye",41.064028,29.0320536
323,323,"Çamlıtepe, Стамбул 34457 Турция",Atatürk Kent Ormanı,5.0,9.0,Парки,14. Atatürk Kent Ormanı,"Atatürk Kent Ormanı, Istanbul, Turkiye",41.1343219,29.033342314862992
325,325,,Fatih Korusu,4.5,8.0,Парки,16. Fatih Korusu,"Fatih Korusu, Istanbul, Turkiye",41.09005615,29.07100495548854
326,326,"Bahçeşehir 1 Kısım Mahallesi, Стамбул 34488 Турция",Golet Park,4.5,13.0,Парки,17. Golet Park,"Golet Park, Istanbul, Turkiye",41.2355825,28.1958655
329,329,"Küçük Çamlıca Cd. No: 56, Стамбул 34696 Турция",Küçük Çamlıca Korusu,4.5,6.0,Парки,20. Küçük Çamlıca Korusu,"Küçük Çamlıca Korusu, Istanbul, Turkiye",41.01784945,29.065341519362725
330,330,Подробнее,Tophane Parki,3.5,49.0,Парки,21. Tophane Parki,"Tophane Parki, Istanbul, Turkiye",41.02695305,28.981797656909364
332,332,"Aydinli Mahallesi, Aydinli Yolu Caddesi Tuzla, Стамбул 34947 Турция",Tuzla Belediyesi Selale Egitim Parki,4.0,17.0,Парки,23. Tuzla Belediyesi Selale Egitim Parki,"Tuzla Belediyesi Selale Egitim Parki, Istanbul, Turkiye",40.853815,29.313477
333,333,"Caferaga, Стамбул 34710 Турция",Moda Park,4.5,4.0,Парки,24. Moda Park,"Moda Park, Istanbul, Turkiye",40.9877107,29.027339362903227
334,334,"Sarayburnu Parkı, Стамбул 34096 Турция",Sarayburnu Parkı,5.0,5.0,Парки,25. Sarayburnu Parkı,"Sarayburnu Parkı, Istanbul, Turkiye",41.01609235,28.986540090200435
335,335,,Ataturk Parki,4.5,13.0,Парки,26. Ataturk Parki,"Ataturk Parki, Istanbul, Turkiye",41.0338843,28.91274056136962
336,336,Подробнее,Fatih Ormani,4.0,9.0,Парки,27. Fatih Ormani,"Fatih Ormani, Istanbul, Turkiye",41.13309985,29.01580856836994
338,338,,Beykoz Korusu,5.0,3.0,Парки,29. Beykoz Korusu,"Beykoz Korusu, Istanbul, Turkiye",41.13329615,29.10022065089673
339,339,"Zeyrek Mh. Buyuk Karaman Cd. No: 53 Fatih, Bozdogan Su Kemeri Yani, Tayyare Sehitleri Abidesi Yani, Стамбул 34083 Турция",Fatih Anit Parki,4.0,16.0,Парки,30. Fatih Anit Parki,"Fatih Anit Parki, Istanbul, Turkiye",41.0157882,28.95443366986944
340,340,,Sahil Park,4.5,7.0,Парки,31. Sahil Park,"Sahil Park, Istanbul, Turkiye",40.814498,29.307312
344,344,,Orhangazi Sehir Parki,4.5,16.0,Парки,35. Orhangazi Sehir Parki,"Orhangazi Sehir Parki, Istanbul, Turkiye",40.92637645,29.1192545154012
345,345,Подробнее,Sanatcilar Parki,4.5,21.0,Парки,36. Sanatcilar Parki,"Sanatcilar Parki, Istanbul, Turkiye",41.082810300000006,29.029868046363237
346,346,Подробнее,Dikilitas Parki,4.0,16.0,Парки,37. Dikilitas Parki,"Dikilitas Parki, Istanbul, Turkiye",41.0560598,29.00450234743034
348,348,,Florya Sahil Parkı,4.5,2.0,Парки,39. Florya Sahil Parkı,"Florya Sahil Parkı, Istanbul, Turkiye",40.9686067,28.79431837137593
349,349,Подробнее,Sanatkarlar Parki,4.0,14.0,Парки,40. Sanatkarlar Parki,"Sanatkarlar Parki, Istanbul, Turkiye",41.0283342,28.982888619418382
350,350,"Fevzi Çakmak Mahallesi, D-100 No. 1 Pendik, Стамбул 34899 Турция",Pendik Millet Bahçesi,3.5,2.0,Парки,41. Pendik Millet Bahçesi,"Pendik Millet Bahçesi, Istanbul, Turkiye",40.88369195,29.254553286822837
351,351,"Fener Cd. No:21 Balibey Mahallesi, Стамбул 34980 Турция",Kavala Parkı,4.5,3.0,Парки,42. Kavala Parkı,"Kavala Parkı, Istanbul, Turkiye",41.17813073915874,29.61454227148064
355,355,,Findikli Parki,3.5,10.0,Парки,46. Findikli Parki,"Findikli Parki, Istanbul, Turkiye",41.03153975,28.990114684339037
356,356,"Sultan Ahmet, Sultanahmet Meydanı, Стамбул 34122 Турция",Mehmet Akif Ersoy Parki,4.0,3.0,Парки,47. Mehmet Akif Ersoy Parki,"Mehmet Akif Ersoy Parki, Istanbul, Turkiye",40.9976426,28.932481556307707
358,358,,Fenerbahçe parkı,4.0,2.0,Парки,49. Fenerbahçe parkı,"Fenerbahçe parkı, Istanbul, Turkiye",40.9678182,29.03448994467198
360,360,Посетить веб-сайт,Bakirkoy Botanik Park,3.0,4.0,Парки,51. Bakirkoy Botanik Park,"Bakirkoy Botanik Park, Istanbul, Turkiye",40.9984838,28.87883058891396
363,363,,Erguvan Baris Parki,4.0,6.0,Парки,54. Erguvan Baris Parki,"Erguvan Baris Parki, Istanbul, Turkiye",40.98753255,29.118792593745106
365,365,"Fener Cd. No:3, Стамбул 34980 Турция",Maşatlık Parkı,5.0,2.0,Парки,56. Maşatlık Parkı,"Maşatlık Parkı, Istanbul, Turkiye",41.1798098,29.613469163490937
366,366,"Bebek, Bebek Parkı No:16, Стамбул 34342 Турция",Bebek Park,5.0,1.0,Парки,57. Bebek Park,"Bebek Park, Istanbul, Turkiye",41.0758381,29.04379004386793
367,367,"Kosuyolu, Стамбул 34718 Турция",Kosuyolu Parki,5.0,1.0,Парки,58. Kosuyolu Parki,"Kosuyolu Parki, Istanbul, Turkiye",41.00878015,29.039799396699674
370,370,"Bahçıvan Çk. No:4, Стамбул 34087 Турция",Kariye Şehir Parkı,4.0,1.0,Парки,61. Kariye Şehir Parkı,"Kariye Şehir Parkı, Istanbul, Turkiye",41.0316836,28.9399151
371,371,,Kültür Park,5.0,1.0,Парки,62. Kültür Park,"Kültür Park, Istanbul, Turkiye",41.0226865,28.57489768103869
375,375,"Barbaros Bulvarı Yıldız, Стамбул 34353 Турция",Yahya Kemal Parkı,5.0,1.0,Парки,66. Yahya Kemal Parkı,"Yahya Kemal Parkı, Istanbul, Turkiye",41.04805425,29.008669019527343
376,376,,Prof.Dr.Kriton Curi Parkı,4.0,1.0,Парки,67. Prof.Dr.Kriton Curi Parkı,"Prof.Dr.Kriton Curi Parkı, Istanbul, Turkiye",40.976438900000005,29.093706200915403
377,377,"Kalenderhane, Стамбул 34134 Турция",50. Yil Parki,4.0,1.0,Парки,68. 50. Yil Parki,"50. Yil Parki, Istanbul, Turkiye",41.09147325,28.868903061241056
381,381,"Büyükçekmece / 19 mayıs mahallesi, Стамбул 34500 Турция",100. Yıl Çanakkale Şehitler Parkı,4.0,2.0,Парки,72. 100. Yıl Çanakkale Şehitler Parkı,"100. Yıl Çanakkale Şehitler Parkı, Istanbul, Turkiye",41.0243163,28.5821547
383,383,"Büyükçekmece / 19 Mayıs Parkı, Стамбул 34500 Турция",19 Mayıs Parkı,4.0,1.0,Парки,74. 19 Mayıs Parkı,"19 Mayıs Parkı, Istanbul, Turkiye",40.976030050000006,29.08510168445031
384,384,"Mimarsinan Mahallesi/Büyükçekmece, Стамбул 34500 Турция",İBB Mimarsinan Sahil ATATÜRK Parkı,5.0,1.0,Парки,75. İBB Mimarsinan Sahil ATATÜRK Parkı,"İBB Mimarsinan Sahil ATATÜRK Parkı, Istanbul, Turkiye",41.0160925,28.5604373
399,399,"Şehit Metin Kaya Sok. No 11/1, Стамбул 34065 Турция",Vialand,4.5,1488.0,Парки развлечений и тематические парки,1. Vialand,"Vialand, Istanbul, Turkiye",41.07132655,28.923548705890287
402,402,"Balıkçılar Sk. No: 20, Стамбул 34940 Турция",ViaSea Tema Park,4.5,6.0,Парки развлечений и тематические парки,4. ViaSea Tema Park,"ViaSea Tema Park, Istanbul, Turkiye",40.8151365,29.3142232
405,405,"Mehmet Sevki Pasa Cad. Bostanci, Kadikoy, Стамбул 34744 Турция",Bostanci Lunaparki,3.5,52.0,Парки развлечений и тематические парки,7. Bostanci Lunaparki,"Bostanci Lunaparki, Istanbul, Turkiye",40.95647865,29.101312918432683
414,414,Посетить веб-сайт,Istanbul Akvaryum,4.5,1247.0,Океанариумы,1. Istanbul Akvaryum,"Istanbul Akvaryum, Istanbul, Turkiye",40.9641851,28.80003145790896
420,420,Подробнее,Ortakoy,4.5,1872.0,Районы,2. Ortakoy,"Ortakoy, Istanbul, Turkiye",41.0546272,29.0281901
421,421,Подробнее,Балат,4.5,527.0,Районы,3. Балат,"Балат, Istanbul, Turkiye",41.0339023,28.945703632889824
422,422,"Gümüşsuyu Mh., Стамбул 34435 Турция",Площадь Таксим,3.5,2866.0,Районы,4. Площадь Таксим,"Площадь Таксим, Istanbul, Turkiye",41.03795465,28.98520363207889
423,423,Подробнее,Besiktas,4.5,353.0,Районы,5. Besiktas,"Besiktas, Istanbul, Turkiye",41.0428465,29.0075283
425,425,Посетить веб-сайт,Eyüp,4.5,218.0,Районы,7. Eyüp,"Eyüp, Istanbul, Turkiye",41.0478358,28.9327383
426,426,,Fenerbahçe,4.5,121.0,Районы,8. Fenerbahçe,"Fenerbahçe, Istanbul, Turkiye",40.9695548,29.0375465
427,427,,Kadıköy,4.0,31.0,Районы,9. Kadıköy,"Kadıköy, Istanbul, Turkiye",40.9912955,29.0245631
428,428,Подробнее,Beyazit,4.0,96.0,Районы,10. Beyazit,"Beyazit, Istanbul, Turkiye",41.009722,28.9665055
429,429,Подробнее,Levent,4.0,61.0,Районы,11. Levent,"Levent, Istanbul, Turkiye",41.0815723,29.0169502
430,430,"Kemankeş Karamustafa Paşa Beyoğlu, Стамбул 34425 Турция",Fransiz Sokagi,4.0,88.0,Районы,12. Fransiz Sokagi,"Fransiz Sokagi, Istanbul, Turkiye",41.04819853297529,28.98649397608983
432,432,,Kucuk Pazar,4.5,9.0,Районы,14. Kucuk Pazar,"Kucuk Pazar, Istanbul, Turkiye",41.01970136855636,28.96336569117413
433,433,"Bebek Arnavutköy Cd, Стамбул 34345 Турция",Arnavutköy,5.0,1.0,Районы,15. Arnavutköy,"Arnavutköy, Istanbul, Turkiye",41.184471,28.7412446
435,435,"Zeynep Kamil Mahallesi, Стамбул 34672 Турция",Karacaahmet Mezarlıgı,4.0,6.0,Районы,17. Karacaahmet Mezarlıgı,"Karacaahmet Mezarlıgı, Istanbul, Turkiye",41.00980815,29.02809747794014
436,436,,Ataköy,4.0,1.0,Районы,18. Ataköy,"Ataköy, Istanbul, Turkiye",40.9802282,28.8562265
437,437,"Beyoglu Sahkulu Mahallesi, Стамбул 34420 Турция",Sahkulu Camii,4.0,2.0,Районы,19. Sahkulu Camii,"Sahkulu Camii, Istanbul, Turkiye",41.0271855,28.9744716
438,438,,Beylerbeyi,4.0,1.0,Районы,20. Beylerbeyi,"Beylerbeyi, Istanbul, Turkiye",41.0417926,29.0465456
442,442,Подробнее,Istiklal Caddesi,4.0,6001.0,Культурные объекты и достопримечательности,1. Istiklal Caddesi,"Istiklal Caddesi, Istanbul, Turkiye",41.033864830590616,28.97817609805544
443,443,Подробнее,Площадь Султанахмет,4.5,3518.0,Культурные объекты и достопримечательности,2. Площадь Султанахмет,"Площадь Султанахмет, Istanbul, Turkiye",41.0065157,28.975977312001497
444,444,"Imrahor Caddesi Sutluce, Стамбул 34445 Турция",Miniaturk,4.5,1748.0,Культурные объекты и достопримечательности,3. Miniaturk,"Miniaturk, Istanbul, Turkiye",41.05996605,28.948769744338
445,445,Подробнее,Camlica Hill,4.5,602.0,Культурные объекты и достопримечательности,4. Camlica Hill,"Camlica Hill, Istanbul, Turkiye",41.0274921,29.0679744
446,446,"Eminonu Square, Стамбул 34112 Турция",Eminonu Square,4.5,857.0,Культурные объекты и достопримечательности,5. Eminonu Square,"Eminonu Square, Istanbul, Turkiye",41.0174475,28.97077877722693
448,448,"Binbirdirek Mh. Piyer Loti Cd. No: 2/1, Стамбул 34122 Турция",Serefiye Sarnici,4.5,391.0,Исторические достопримечательности,7. Serefiye Sarnici,"Serefiye Sarnici, Istanbul, Turkiye",41.0074148,28.972395415166663
449,449,"Söğütlü Çeşme Cd, Стамбул 34714 Турция",Kadikoy Istanbul Boğa Meydanı,4.5,452.0,Культурные объекты и достопримечательности,8. Kadikoy Istanbul Boğa Meydanı,"Kadikoy Istanbul Boğa Meydanı, Istanbul, Turkiye",41.0209912,28.7868135
450,450,"Hoca Paşa, Стамбул 34110 Турция",Sirkeci Station,4.0,362.0,Культурные объекты и достопримечательности,9. Sirkeci Station,"Sirkeci Station, Istanbul, Turkiye",41.0135842,28.9769944
451,451,Подробнее,Hippodrome,4.0,861.0,Культурные объекты и достопримечательности,10. Hippodrome,"Hippodrome, Istanbul, Turkiye",41.0066985,28.9766563
454,454,"Huseyinaga, Стамбул 34435 Турция",Cicek Pasaji,4.0,264.0,Культурные объекты и достопримечательности,13. Cicek Pasaji,"Cicek Pasaji, Istanbul, Turkiye",41.0340997,28.9779211
455,455,"Cevdet Paşa Cd. No: 30, Стамбул 34342 Турция",Bebek Sahili,4.5,29.0,Культурные объекты и достопримечательности,14. Bebek Sahili,"Bebek Sahili, Istanbul, Turkiye",41.00945969657084,28.941433240340142
456,456,"Suleymaniye Mah., Стамбул 34116 Турция",Kanuni Sultan Suleyman Turbesi,5.0,28.0,Исторические достопримечательности,15. Kanuni Sultan Suleyman Turbesi,"Kanuni Sultan Suleyman Turbesi, Istanbul, Turkiye",41.0156999,28.9644663
457,457,Подробнее,Uskudar Pier,4.0,73.0,Культурные объекты и достопримечательности,16. Uskudar Pier,"Uskudar Pier, Istanbul, Turkiye",41.0281402,29.0152875
458,458,"Hippodrome Square, Стамбул 34122 Турция",German Fountain,4.0,252.0,Культурные объекты и достопримечательности,17. German Fountain,"German Fountain, Istanbul, Turkiye",41.00711625,28.97667550578853
460,460,Подробнее,Sogukcesme Sokak,4.5,77.0,Культурные объекты и достопримечательности,19. Sogukcesme Sokak,"Sogukcesme Sokak, Istanbul, Turkiye",41.00955325,28.980007794357668
462,462,,Gran Bazar,4.0,57.0,Культурные объекты и достопримечательности,21. Gran Bazar,"Gran Bazar, Istanbul, Turkiye",41.01098795,28.968175837679787
463,463,Подробнее,Clock Tower Dolmabahce,4.5,79.0,Исторические достопримечательности,22. Clock Tower Dolmabahce,"Clock Tower Dolmabahce, Istanbul, Turkiye",41.0376577,28.996363092567933
472,472,Подробнее,Anadolu Feneri,4.0,15.0,Культурные объекты и достопримечательности,31. Anadolu Feneri,"Anadolu Feneri, Istanbul, Turkiye",41.2173967,29.1520592
473,473,"Kılıçali Paşa, Salı Pazarı Ykş. No:5 D:1, Стамбул 34425 Турция",Rainbow Stairs,3.0,23.0,Культурные объекты и достопримечательности,32. Rainbow Stairs,"Rainbow Stairs, Istanbul, Turkiye",41.10679105,29.023276452071403
476,476,"Kennedy Cd. No:40 Sultan Ahmet Mahallesi, Стамбул 34122 Турция",Boukoleon Palace,5.0,4.0,Древние руины,35. Boukoleon Palace,"Boukoleon Palace, Istanbul, Turkiye",41.002077133745125,28.978174875140866
480,480,"Karamandere, Стамбул 34980 Турция",Saklıgöl Tesisleri,3.0,196.0,Культурные объекты и достопримечательности,39. Saklıgöl Tesisleri,"Saklıgöl Tesisleri, Istanbul, Turkiye",41.137421,29.590057
482,482,,Merdivenli Yokuş Evleri Balat,4.0,1.0,Культурные объекты и достопримечательности,41. Merdivenli Yokuş Evleri Balat,"Merdivenli Yokuş Evleri Balat, Istanbul, Turkiye",41.0313056,28.9462268
483,483,"Kennedy Cad. No: 3 Fatih, Стамбул 34112 Турция",Sepetciler Kasri,4.5,6.0,Культурные объекты и достопримечательности,42. Sepetciler Kasri,"Sepetciler Kasri, Istanbul, Turkiye",41.01632085,28.981679565190184
484,484,,Tellalzade Sokak,4.0,5.0,Культурные объекты и достопримечательности,43. Tellalzade Sokak,"Tellalzade Sokak, Istanbul, Turkiye",40.98939269811573,29.026006892816227
490,490,,Tophane-i Amire Sancak Kulesi,4.5,6.0,Культурные объекты и достопримечательности,49. Tophane-i Amire Sancak Kulesi,"Tophane-i Amire Sancak Kulesi, Istanbul, Turkiye",41.02670945,28.98288290055953
491,491,"Osmanağa Mh. Ali Suavi Sk 2-4, Стамбул 34200 Турция",Serasker Caddesi,3.5,9.0,Культурные объекты и достопримечательности,50. Serasker Caddesi,"Serasker Caddesi, Istanbul, Turkiye",40.98946807724933,29.027953640676465
492,492,,Makbul Ibrahim Pasa Camii,5.0,5.0,Культурные объекты и достопримечательности,51. Makbul Ibrahim Pasa Camii,"Makbul Ibrahim Pasa Camii, Istanbul, Turkiye",41.02229415,28.97155459569584
493,493,"Abide-i Hurriyet Cd No:108 D:114, Стамбул 34381 Турция",Sisli Mosque,5.0,2.0,Культурные объекты и достопримечательности,52. Sisli Mosque,"Sisli Mosque, Istanbul, Turkiye",41.0626456,28.986184
498,498,,Column of the Goths,4.5,7.0,Культурные объекты и достопримечательности,57. Column of the Goths,"Column of the Goths, Istanbul, Turkiye",41.0146409,28.9856774
501,501,"Özbek Süleyman efendisokağı, Стамбул 34096 Турция",Molla Gürani Türbesi,5.0,1.0,Культурные объекты и достопримечательности,60. Molla Gürani Türbesi,"Molla Gürani Türbesi, Istanbul, Turkiye",41.0110693,28.9418324
503,503,"Kemankes Karamustafa Pasa, Hoca Tahsin Sok No.12, Стамбул 34425 Турция",Aya Nikola Church,4.0,1.0,Культурные объекты и достопримечательности,62. Aya Nikola Church,"Aya Nikola Church, Istanbul, Turkiye",40.854791950000006,29.123552937085066
507,507,Посетить веб-сайт,Hybrid,5.0,2.0,Культурные объекты и достопримечательности,66. Hybrid,"Hybrid, Istanbul, Turkiye",41.039878,28.4290646
508,508,Подробнее,Barbaros Monument,4.5,3.0,Культурные объекты и достопримечательности,67. Barbaros Monument,"Barbaros Monument, Istanbul, Turkiye",41.0419227,29.0068359
509,509,"Ataturk Blv No.21 Cibali Mah, Стамбул 34083 Турция",Zeyrek Sarnıcı,3.0,1.0,Исторические достопримечательности,68. Zeyrek Sarnıcı,"Zeyrek Sarnıcı, Istanbul, Turkiye",41.0202268,28.9579069
511,511,"Kart Cinar Sokak No.6 Bereketzade Mahallesi, Стамбул ３４４２１ Турция",Ceneviz Sarayı,4.0,2.0,Исторические достопримечательности,70. Ceneviz Sarayı,"Ceneviz Sarayı, Istanbul, Turkiye",41.02449405,28.97289734027377
514,514,"Mimar Sinan Carsisi Uskudar, Стамбул 34664 Турция",Mimar Sinan Bazaar,5.0,1.0,Культурные объекты и достопримечательности,73. Mimar Sinan Bazaar,"Mimar Sinan Bazaar, Istanbul, Turkiye",41.0237969,29.01605862467876
515,515,"Firin Sk. No:4 Yali Mahallesi, Стамбул 34844 Турция",Maltepe Belediyesi Bescesmeler Parki,4.0,1.0,Культурные объекты и достопримечательности,74. Maltepe Belediyesi Bescesmeler Parki,"Maltepe Belediyesi Bescesmeler Parki, Istanbul, Turkiye",40.9213647,29.1292542
518,518,Подробнее,Simkeshane,3.5,2.0,Исторические достопримечательности,77. Simkeshane,"Simkeshane, Istanbul, Turkiye",41.0091995,28.962293642873934
521,521,"Bahçelievler Adnan Kahveci Bulvarı, Стамбул 34180 Турция",GS UEFA Kupası Anıtı Bahcelievler,4.0,1.0,Культурные объекты и достопримечательности,80. GS UEFA Kupası Anıtı Bahcelievler,"GS UEFA Kupası Anıtı Bahcelievler, Istanbul, Turkiye",41.00010645,28.85977121681382
523,523,"Feshane Cad. No.8 Eyup Merkez, Стамбул 34050 Турция",Ferhat Pasa Turbesi,4.0,1.0,Культурные объекты и достопримечательности,82. Ferhat Pasa Turbesi,"Ferhat Pasa Turbesi, Istanbul, Turkiye",41.0473446,28.935311618006907
525,525,"19 Mayıs mahallesi / Büyükçekmece, Стамбул 34500 Турция",100. yıl çanakkale şehitleri ve Atatürk Anıtı,5.0,2.0,Культурные объекты и достопримечательности,84. 100. yıl çanakkale şehitleri ve Atatürk Anıtı,"100. yıl çanakkale şehitleri ve Atatürk Anıtı, Istanbul, Turkiye",41.0224834,28.5818267
526,526,"Yalıkosku Caddesi, No: 3 Hobyar Mahallesi, Стамбул 34112 Турция",Hidayet Mosque,4.0,2.0,Культурные объекты и достопримечательности,85. Hidayet Mosque,"Hidayet Mosque, Istanbul, Turkiye",41.0105915,29.109256076241827
528,528,"Üsküdar Dr. Fahri Atabey Caddesi, Стамбул 34674 Турция",Saat Kulesi Üsküdar,5.0,1.0,Культурные объекты и достопримечательности,87. Saat Kulesi Üsküdar,"Saat Kulesi Üsküdar, Istanbul, Turkiye",41.0199943,29.0186279
531,531,"16 Mart Sehitleri Caddesi No 3, Стамбул 34134 Турция",March 16th Martyrs,4.0,1.0,Исторические достопримечательности,90. March 16th Martyrs,"March 16th Martyrs, Istanbul, Turkiye",41.01298186114949,28.96077606795697
536,536,"Kandilli-Göksu Cd. No:19 Kandilli Mahallesi, Стамбул 34684 Турция",Count Ostrorog Mansion,4.0,1.0,Культурные объекты и достопримечательности,95. Count Ostrorog Mansion,"Count Ostrorog Mansion, Istanbul, Turkiye",41.07561510215875,29.06268876049112
539,539,"Alemdar Cad No.22 Cankurtaran Mah, Стамбул 34110 Турция",Hamidiye Sebili,3.5,2.0,Исторические достопримечательности,98. Hamidiye Sebili,"Hamidiye Sebili, Istanbul, Turkiye",41.0103612,28.9786076
551,551,"Doğancılar Cd. Üsküdar, Стамбул 34668 Турция",Nevşehirli Damat İbrahim Paşa Su Maksemi,5.0,1.0,Культурные объекты и достопримечательности,110. Nevşehirli Damat İbrahim Paşa Su Maksemi,"Nevşehirli Damat İbrahim Paşa Su Maksemi, Istanbul, Turkiye",41.01978252330965,29.010759914028945
564,564,"Beyazit Fatih, Стамбул 34126 Турция",Ibrahim Muteferrika Aniti,4.0,1.0,Культурные объекты и достопримечательности,123. Ibrahim Muteferrika Aniti,"Ibrahim Muteferrika Aniti, Istanbul, Turkiye",41.009722,28.9665055
565,565,"Yavuz Sultan Selim, Ayakapi Cd. No:2 Fatih, Стамбул 34083 Турция",Cumhuriyet Cesmesi,3.5,2.0,Исторические достопримечательности,124. Cumhuriyet Cesmesi,"Cumhuriyet Cesmesi, Istanbul, Turkiye",41.0278007,28.956384930042017
593,593,"Cukurcuma Caddesi, Dalgic Cikmazi, 2 Beyoğlu, Стамбул 34425 Турция",Museum of Innocence,4.5,630.0,Специализированные музеи,2. Museum of Innocence,"Museum of Innocence, Istanbul, Turkiye",41.0308716,28.9797952
594,594,"Ferahevler Mah. Nuri Pasa Cad. No:81 Tarabya, Стамбул 34457 Турция",Ural Ataman Classic Car Museum,5.0,643.0,Специализированные музеи,3. Ural Ataman Classic Car Museum,"Ural Ataman Classic Car Museum, Istanbul, Turkiye",41.1281146,29.04783824422738
595,595,"Sakip Sabanci Caddesi, No. 42, Стамбул 34467 Турция",Музей Сакип Сабанчи,4.5,601.0,Специализированные музеи,4. Музей Сакип Сабанчи,"Музей Сакип Сабанчи, Istanbul, Turkiye",41.106019,29.0556289
596,596,"Meşrutiyet Caddesi No.65 Tepebaşı, Стамбул 34430 Турция",Pera Museum,4.5,332.0,Специализированные музеи,5. Pera Museum,"Pera Museum, Istanbul, Turkiye",41.031803100000005,28.97520378845893
597,597,"Dr. Zeki Zeren Sokağı No:17 Ömerpaşa Caddesi, Стамбул 34730 Турция",Istanbul Toy Museum,4.5,330.0,Специализированные музеи,6. Istanbul Toy Museum,"Istanbul Toy Museum, Istanbul, Turkiye",40.975953450000006,29.070706650000005
598,598,"Istiklal Cad no: 56/58, Стамбул 34440 Турция",Madame Tussauds İstanbul,4.5,260.0,Специализированные музеи,7. Madame Tussauds İstanbul,"Madame Tussauds İstanbul, Istanbul, Turkiye",41.0346433,28.9798364
599,599,"Bankalar Caddesi 11, Стамбул 34421 Турция","SALT Galata, Istanbul",4.5,99.0,Специализированные музеи,"8. SALT Galata, Istanbul","SALT Galata, Istanbul, Istanbul, Turkiye",41.02380725,28.973456704504752
600,600,"Baltalimani Hisar Street, Perili Kosk No:5 Rumelihisarı / Sarıyer, Стамбул 34470 Турция",Borusan Contemporary,4.5,145.0,Специализированные музеи,9. Borusan Contemporary,"Borusan Contemporary, Istanbul, Turkiye",41.0892526,29.0565723
602,602,Подробнее,Ataturk Museum,4.5,45.0,Специализированные музеи,11. Ataturk Museum,"Ataturk Museum, Istanbul, Turkiye",41.05640445,28.98721275
603,603,"Can Kurtaran Mah. Alemdar Cad. Ahirlar Binasi Gulhaneparki, Стамбул 34112 Турция",Istanbul Museum of The History of Science & Technology in Islam,4.0,216.0,Специализированные музеи,12. Istanbul Museum of The History of Science & Technology in Islam,"Istanbul Museum of The History of Science & Technology in Islam, Istanbul, Turkiye",41.0132188,28.9789678
604,604,Подробнее,Isbank Museum,4.5,83.0,Специализированные музеи,13. Isbank Museum,"Isbank Museum, Istanbul, Turkiye",41.01609395,28.972600892444845
605,605,"Asiyan Yokusu, Стамбул 34342 Турция",Asiyan Museum,4.5,38.0,Специализированные музеи,14. Asiyan Museum,"Asiyan Museum, Istanbul, Turkiye",41.08265755,29.053451849771875
606,606,Подробнее,Milli Saraylar Resim Muzesi,4.5,41.0,Специализированные музеи,15. Milli Saraylar Resim Muzesi,"Milli Saraylar Resim Muzesi, Istanbul, Turkiye",41.03966320000001,29.002722447372623
608,608,"Sirkeci Gar Eminönü, Стамбул 34110 Турция",Istanbul Railway Museum,4.0,41.0,Специализированные музеи,17. Istanbul Railway Museum,"Istanbul Railway Museum, Istanbul, Turkiye",41.0151986,28.9766826
610,610,"Ferah Yolu Sk., 34000 Üsküdar, Стамбул 34000 Турция",Museum of Islamic Civilization,4.5,7.0,Специализированные музеи,19. Museum of Islamic Civilization,"Museum of Islamic Civilization, Istanbul, Turkiye",41.03445435,29.0726893
611,611,"D-100 Kuzey Yanyolu, Стамбул 34315 Турция",İstanbul Robot Müzesi,5.0,17.0,Специализированные музеи,20. İstanbul Robot Müzesi,"İstanbul Robot Müzesi, Istanbul, Turkiye",40.9825453,28.7285492
615,615,Подробнее,Saray Koleksiyonlari Museum,4.5,34.0,Специализированные музеи,24. Saray Koleksiyonlari Museum,"Saray Koleksiyonlari Museum, Istanbul, Turkiye",41.04121,29.004119
616,616,Подробнее,PTT Museum,4.5,21.0,Специализированные музеи,25. PTT Museum,"PTT Museum, Istanbul, Turkiye",41.0147153,28.9738991
618,618,"Bağdat Cd. No:1 Zuhtupasa Mahallesi, Стамбул 34724 Турция",Fenerbahce Muzesi,5.0,3.0,Специализированные музеи,27. Fenerbahce Muzesi,"Fenerbahce Muzesi, Istanbul, Turkiye",40.984869679619294,29.0392687637103
621,621,"Kadıköy, Hasanpaşa, Стамбул 34734 Турция",Müze Gazhane,4.5,5.0,Специализированные музеи,30. Müze Gazhane,"Müze Gazhane, Istanbul, Turkiye",40.99682225,29.042973602944333
623,623,"Улица Истикляль, 90, Стамбул 34435 Турция",Galatasaray Muzesi,5.0,2.0,Специализированные музеи,32. Galatasaray Muzesi,"Galatasaray Muzesi, Istanbul, Turkiye",41.0334816,28.9769398
624,624,"Ornektepe, Imrahor Cd. No:7, Стамбул 34445 Турция",Miniaturk,5.0,4.0,Специализированные музеи,33. Miniaturk,"Miniaturk, Istanbul, Turkiye",41.05996605,28.948769744338
627,627,"Adile Sultan Kasrı Öğretmenevi ve Akşam Sanat Okulu, Стамбул 34662 Турция",Hababam Sınıfı Müzesi,3.0,7.0,Специализированные музеи,36. Hababam Sınıfı Müzesi,"Hababam Sınıfı Müzesi, Istanbul, Turkiye",41.0136158,29.0419533
629,629,Посетить веб-сайт,Maslak Kasirlari,4.5,3.0,Специализированные музеи,38. Maslak Kasirlari,"Maslak Kasirlari, Istanbul, Turkiye",41.1191286,29.02558285181174
630,630,Подробнее,Rezan Has Museum,4.0,15.0,Специализированные музеи,39. Rezan Has Museum,"Rezan Has Museum, Istanbul, Turkiye",41.0252799,28.9584325
631,631,Посетить веб-сайт,II. Bayezid Turk Hamam Kulturu Muzesi,4.5,6.0,Специализированные музеи,40. II. Bayezid Turk Hamam Kulturu Muzesi,"II. Bayezid Turk Hamam Kulturu Muzesi, Istanbul, Turkiye",41.0099458,28.9615545
632,632,"Kılıçali Paşa Mahallesi, Akarsu Yokuşu Sokak, No:30 Cihangir, Beyoğlu, Стамбул 34433 Турция",Orhan Kemal Müzesi,4.0,8.0,Специализированные музеи,41. Orhan Kemal Müzesi,"Orhan Kemal Müzesi, Istanbul, Turkiye",41.0305795,28.98360780394637
640,640,Позвонить,Mubadele Museum,4.0,7.0,Специализированные музеи,49. Mubadele Museum,"Mubadele Museum, Istanbul, Turkiye",41.1437529,28.4572273
644,644,"Kazim Karabekir Sokak No: 4/2 Kadikoy, Erenkoy, Стамбул 34070 Турция",Kazim Karabekir Pasa Muzesi,4.0,1.0,Специализированные музеи,53. Kazim Karabekir Pasa Muzesi,"Kazim Karabekir Pasa Muzesi, Istanbul, Turkiye",40.96826905,29.07859293530008
645,645,"Mimar Kemalettin Ordu Caddesi Fatih, Стамбул 34080 Турция",Istanbul Universitesi Ridvan Celikel Arkeoloji Muzesi,4.5,2.0,Специализированные музеи,54. Istanbul Universitesi Ridvan Celikel Arkeoloji Muzesi,"Istanbul Universitesi Ridvan Celikel Arkeoloji Muzesi, Istanbul, Turkiye",41.0098561,28.9601156
649,649,Подробнее,Basin Museum,3.5,8.0,Специализированные музеи,58. Basin Museum,"Basin Museum, Istanbul, Turkiye",41.0085619,28.9722162
650,650,,Osmanlı Bankası Müzesi,4.0,1.0,Специализированные музеи,59. Osmanlı Bankası Müzesi,"Osmanlı Bankası Müzesi, Istanbul, Turkiye",41.0238356,28.9736169
670,670,"Cami Mh., Balikcilar Sk. U Blok No:20 D:U/226 Tuzla, Стамбул 34940 Турция",Aslan Park,3.5,18.0,Зоопарки,3. Aslan Park,"Aslan Park, Istanbul, Turkiye",40.97405775,29.059238663811197
673,673,"30 Agustos Cad, 227. Sk. Catalcesme Mahallesi, Стамбул 34467 Турция",Park Of Istanbul,2.0,35.0,Зоопарки,6. Park Of Istanbul,"Park Of Istanbul, Istanbul, Turkiye",41.0511065,29.2488144
